experiment,graph,skeleton,nodes,hpx_threads,workers,spawn_depth,backtrack_budget,run,timeout,wall_ms,cpu_ms,vc_size,exit_code,log_file
SEQ,brock200_1.clq,seqvc,1,1,0,5,10000000,1,120m,14626,14598,179,0,/cluster/YewParVCTest/results_vc_full/logs/brock200_1.clq.seqvc.r1.log
SEQ,brock200_1.clq,seq,1,1,0,5,10000000,1,120m,9670,9571,179,0,/cluster/YewParVCTest/results_vc_full/logs/brock200_1.clq.seq.r1.log
SEQ,brock200_2.clq,seqvc,1,1,0,5,10000000,1,120m,270,251,188,0,/cluster/YewParVCTest/results_vc_full/logs/brock200_2.clq.seqvc.r1.log
SEQ,brock200_2.clq,seq,1,1,0,5,10000000,1,120m,253,178,188,0,/cluster/YewParVCTest/results_vc_full/logs/brock200_2.clq.seq.r1.log
SEQ,brock200_3.clq,seqvc,1,1,0,5,10000000,1,120m,1326,1304,185,0,/cluster/YewParVCTest/results_vc_full/logs/brock200_3.clq.seqvc.r1.log
SEQ,brock200_3.clq,seq,1,1,0,5,10000000,1,120m,1000,921,185,0,/cluster/YewParVCTest/results_vc_full/logs/brock200_3.clq.seq.r1.log
SEQ,brock200_4.clq,seqvc,1,1,0,5,10000000,1,120m,2130,2106,183,0,/cluster/YewParVCTest/results_vc_full/logs/brock200_4.clq.seqvc.r1.log
SEQ,brock200_4.clq,seq,1,1,0,5,10000000,1,120m,1501,1417,183,0,/cluster/YewParVCTest/results_vc_full/logs/brock200_4.clq.seq.r1.log
SEQ,brock400_1.clq,seqvc,1,1,0,5,10000000,1,120m,7200010,,,124,/cluster/YewParVCTest/results_vc_full/logs/brock400_1.clq.seqvc.r1.log
SEQ,brock400_1.clq,seq,1,1,0,5,10000000,1,120m,7200022,,,124,/cluster/YewParVCTest/results_vc_full/logs/brock400_1.clq.seq.r1.log
SEQ,brock400_2.clq,seqvc,1,1,0,5,10000000,1,120m,7200011,,,124,/cluster/YewParVCTest/results_vc_full/logs/brock400_2.clq.seqvc.r1.log
SEQ,brock400_2.clq,seq,1,1,0,5,10000000,1,120m,7200015,,,124,/cluster/YewParVCTest/results_vc_full/logs/brock400_2.clq.seq.r1.log
SEQ,brock800_3.clq,seqvc,1,1,0,5,10000000,1,120m,7200012,,,124,/cluster/YewParVCTest/results_vc_full/logs/brock800_3.clq.seqvc.r1.log
SEQ,brock800_3.clq,seq,1,1,0,5,10000000,1,120m,7200024,,,124,/cluster/YewParVCTest/results_vc_full/logs/brock800_3.clq.seq.r1.log
SEQ,C125.9.clq,seqvc,1,1,0,5,10000000,1,120m,1366,1349,91,0,/cluster/YewParVCTest/results_vc_full/logs/C125.9.clq.seqvc.r1.log
SEQ,C125.9.clq,seq,1,1,0,5,10000000,1,120m,897,795,91,0,/cluster/YewParVCTest/results_vc_full/logs/C125.9.clq.seq.r1.log
SEQ,C250.9.clq,seqvc,1,1,0,5,10000000,1,120m,7200010,,,124,/cluster/YewParVCTest/results_vc_full/logs/C250.9.clq.seqvc.r1.log
SEQ,C250.9.clq,seq,1,1,0,5,10000000,1,120m,7200015,,,124,/cluster/YewParVCTest/results_vc_full/logs/C250.9.clq.seq.r1.log
SEQ,c-fat200-1.clq,seqvc,1,1,0,5,10000000,1,120m,13,2,188,0,/cluster/YewParVCTest/results_vc_full/logs/c-fat200-1.clq.seqvc.r1.log
SEQ,c-fat200-1.clq,seq,1,1,0,5,10000000,1,120m,106,0,188,0,/cluster/YewParVCTest/results_vc_full/logs/c-fat200-1.clq.seq.r1.log
SEQ,c-fat200-2.clq,seqvc,1,1,0,5,10000000,1,120m,12,2,176,0,/cluster/YewParVCTest/results_vc_full/logs/c-fat200-2.clq.seqvc.r1.log
SEQ,c-fat200-2.clq,seq,1,1,0,5,10000000,1,120m,74,0,176,0,/cluster/YewParVCTest/results_vc_full/logs/c-fat200-2.clq.seq.r1.log
SEQ,c-fat200-5.clq,seqvc,1,1,0,5,10000000,1,120m,17,1,142,0,/cluster/YewParVCTest/results_vc_full/logs/c-fat200-5.clq.seqvc.r1.log
SEQ,c-fat200-5.clq,seq,1,1,0,5,10000000,1,120m,74,0,142,0,/cluster/YewParVCTest/results_vc_full/logs/c-fat200-5.clq.seq.r1.log
SEQ,c-fat500-1.clq,seqvc,1,1,0,5,10000000,1,120m,25,13,486,0,/cluster/YewParVCTest/results_vc_full/logs/c-fat500-1.clq.seqvc.r1.log
SEQ,c-fat500-1.clq,seq,1,1,0,5,10000000,1,120m,74,5,486,0,/cluster/YewParVCTest/results_vc_full/logs/c-fat500-1.clq.seq.r1.log
SEQ,c-fat500-2.clq,seqvc,1,1,0,5,10000000,1,120m,30,13,474,0,/cluster/YewParVCTest/results_vc_full/logs/c-fat500-2.clq.seqvc.r1.log
SEQ,c-fat500-2.clq,seq,1,1,0,5,10000000,1,120m,63,5,474,0,/cluster/YewParVCTest/results_vc_full/logs/c-fat500-2.clq.seq.r1.log
SEQ,c-fat500-5.clq,seqvc,1,1,0,5,10000000,1,120m,48,12,436,0,/cluster/YewParVCTest/results_vc_full/logs/c-fat500-5.clq.seqvc.r1.log
SEQ,c-fat500-5.clq,seq,1,1,0,5,10000000,1,120m,80,5,436,0,/cluster/YewParVCTest/results_vc_full/logs/c-fat500-5.clq.seq.r1.log
SEQ,DSJC500_5.clq,seqvc,1,1,0,5,10000000,1,120m,85791,85695,487,0,/cluster/YewParVCTest/results_vc_full/logs/DSJC500_5.clq.seqvc.r1.log
SEQ,DSJC500_5.clq,seq,1,1,0,5,10000000,1,120m,66239,66075,487,0,/cluster/YewParVCTest/results_vc_full/logs/DSJC500_5.clq.seq.r1.log
SEQ,gen200_p0.9_44.clq,seqvc,1,1,0,5,10000000,1,120m,385177,385139,156,0,/cluster/YewParVCTest/results_vc_full/logs/gen200_p0.9_44.clq.seqvc.r1.log
SEQ,gen200_p0.9_44.clq,seq,1,1,0,5,10000000,1,120m,221025,220905,156,0,/cluster/YewParVCTest/results_vc_full/logs/gen200_p0.9_44.clq.seq.r1.log
SEQ,gen200_p0.9_55.clq,seqvc,1,1,0,5,10000000,1,120m,34165,34133,145,0,/cluster/YewParVCTest/results_vc_full/logs/gen200_p0.9_55.clq.seqvc.r1.log
SEQ,gen200_p0.9_55.clq,seq,1,1,0,5,10000000,1,120m,19594,19492,145,0,/cluster/YewParVCTest/results_vc_full/logs/gen200_p0.9_55.clq.seq.r1.log
SEQ,hamming10-4.clq,seqvc,1,1,0,5,10000000,1,120m,7200020,,,124,/cluster/YewParVCTest/results_vc_full/logs/hamming10-4.clq.seqvc.r1.log
SEQ,hamming10-4.clq,seq,1,1,0,5,10000000,1,120m,7200017,,,124,/cluster/YewParVCTest/results_vc_full/logs/hamming10-4.clq.seq.r1.log
SEQ,hamming8-4.clq,seqvc,1,1,0,5,10000000,1,120m,3604,3570,240,0,/cluster/YewParVCTest/results_vc_full/logs/hamming8-4.clq.seqvc.r1.log
SEQ,hamming8-4.clq,seq,1,1,0,5,10000000,1,120m,2682,2350,240,0,/cluster/YewParVCTest/results_vc_full/logs/hamming8-4.clq.seq.r1.log
SEQ,johnson16-2-4.clq,seqvc,1,1,0,5,10000000,1,120m,7379,7365,112,0,/cluster/YewParVCTest/results_vc_full/logs/johnson16-2-4.clq.seqvc.r1.log
SEQ,johnson16-2-4.clq,seq,1,1,0,5,10000000,1,120m,5392,5318,112,0,/cluster/YewParVCTest/results_vc_full/logs/johnson16-2-4.clq.seq.r1.log
SEQ,johnson32-2-4.clq,seqvc,1,1,0,5,10000000,1,120m,7200011,,,124,/cluster/YewParVCTest/results_vc_full/logs/johnson32-2-4.clq.seqvc.r1.log
SEQ,johnson32-2-4.clq,seq,1,1,0,5,10000000,1,120m,7200015,,,124,/cluster/YewParVCTest/results_vc_full/logs/johnson32-2-4.clq.seq.r1.log
SEQ,keller5.clq,seqvc,1,1,0,5,10000000,1,120m,7200027,,,124,/cluster/YewParVCTest/results_vc_full/logs/keller5.clq.seqvc.r1.log
SEQ,keller5.clq,seq,1,1,0,5,10000000,1,120m,7200017,,,124,/cluster/YewParVCTest/results_vc_full/logs/keller5.clq.seq.r1.log
SEQ,MANN_a45.clq,seqvc,1,1,0,5,10000000,1,120m,949,,,134,/cluster/YewParVCTest/results_vc_full/logs/MANN_a45.clq.seqvc.r1.log
SEQ,MANN_a45.clq,seq,1,1,0,5,10000000,1,120m,7200019,,,124,/cluster/YewParVCTest/results_vc_full/logs/MANN_a45.clq.seq.r1.log
SEQ,p_hat1000-1.clq,seqvc,1,1,0,5,10000000,1,120m,24228,24035,990,0,/cluster/YewParVCTest/results_vc_full/logs/p_hat1000-1.clq.seqvc.r1.log
SEQ,p_hat1000-1.clq,seq,1,1,0,5,10000000,1,120m,19506,19222,990,0,/cluster/YewParVCTest/results_vc_full/logs/p_hat1000-1.clq.seq.r1.log
SEQ,p_hat1000-2.clq,seqvc,1,1,0,5,10000000,1,120m,7200011,,,124,/cluster/YewParVCTest/results_vc_full/logs/p_hat1000-2.clq.seqvc.r1.log
SEQ,p_hat1000-2.clq,seq,1,1,0,5,10000000,1,120m,7200495,,,124,/cluster/YewParVCTest/results_vc_full/logs/p_hat1000-2.clq.seq.r1.log
SEQ,p_hat300-1.clq,seqvc,1,1,0,5,10000000,1,120m,86,62,292,0,/cluster/YewParVCTest/results_vc_full/logs/p_hat300-1.clq.seqvc.r1.log
SEQ,p_hat300-1.clq,seq,1,1,0,5,10000000,1,120m,153,44,292,0,/cluster/YewParVCTest/results_vc_full/logs/p_hat300-1.clq.seq.r1.log
SEQ,p_hat300-2.clq,seqvc,1,1,0,5,10000000,1,120m,521,486,275,0,/cluster/YewParVCTest/results_vc_full/logs/p_hat300-2.clq.seqvc.r1.log
SEQ,p_hat300-2.clq,seq,1,1,0,5,10000000,1,120m,419,326,275,0,/cluster/YewParVCTest/results_vc_full/logs/p_hat300-2.clq.seq.r1.log
SEQ,p_hat300-3.clq,seqvc,1,1,0,5,10000000,1,120m,36449,36396,264,0,/cluster/YewParVCTest/results_vc_full/logs/p_hat300-3.clq.seqvc.r1.log
SEQ,p_hat300-3.clq,seq,1,1,0,5,10000000,1,120m,22790,22677,264,0,/cluster/YewParVCTest/results_vc_full/logs/p_hat300-3.clq.seq.r1.log
SEQ,p_hat500-1.clq,seqvc,1,1,0,5,10000000,1,120m,980,928,491,0,/cluster/YewParVCTest/results_vc_full/logs/p_hat500-1.clq.seqvc.r1.log
SEQ,p_hat500-1.clq,seq,1,1,0,5,10000000,1,120m,837,726,491,0,/cluster/YewParVCTest/results_vc_full/logs/p_hat500-1.clq.seq.r1.log
SEQ,p_hat500-2.clq,seqvc,1,1,0,5,10000000,1,120m,15436,15338,464,0,/cluster/YewParVCTest/results_vc_full/logs/p_hat500-2.clq.seqvc.r1.log
SEQ,p_hat500-2.clq,seq,1,1,0,5,10000000,1,120m,10513,10349,464,0,/cluster/YewParVCTest/results_vc_full/logs/p_hat500-2.clq.seq.r1.log
SEQ,p_hat500-3.clq,seqvc,1,1,0,5,10000000,1,120m,6577754,6577598,450,0,/cluster/YewParVCTest/results_vc_full/logs/p_hat500-3.clq.seqvc.r1.log
SEQ,p_hat500-3.clq,seq,1,1,0,5,10000000,1,120m,4148959,4148715,450,0,/cluster/YewParVCTest/results_vc_full/logs/p_hat500-3.clq.seq.r1.log
SEQ,p_hat700-1.clq,seqvc,1,1,0,5,10000000,1,120m,3671,3574,689,0,/cluster/YewParVCTest/results_vc_full/logs/p_hat700-1.clq.seqvc.r1.log
SEQ,p_hat700-1.clq,seq,1,1,0,5,10000000,1,120m,2996,2812,689,0,/cluster/YewParVCTest/results_vc_full/logs/p_hat700-1.clq.seq.r1.log
SEQ,p_hat700-2.clq,seqvc,1,1,0,5,10000000,1,120m,159877,159680,656,0,/cluster/YewParVCTest/results_vc_full/logs/p_hat700-2.clq.seqvc.r1.log
SEQ,p_hat700-2.clq,seq,1,1,0,5,10000000,1,120m,109775,109510,656,0,/cluster/YewParVCTest/results_vc_full/logs/p_hat700-2.clq.seq.r1.log
SEQ,p_hat700-3.clq,seqvc,1,1,0,5,10000000,1,120m,7200011,,,124,/cluster/YewParVCTest/results_vc_full/logs/p_hat700-3.clq.seqvc.r1.log
SEQ,p_hat700-3.clq,seq,1,1,0,5,10000000,1,120m,7200022,,,124,/cluster/YewParVCTest/results_vc_full/logs/p_hat700-3.clq.seq.r1.log
SEQ,san200_0.7_1.clq,seqvc,1,1,0,5,10000000,1,120m,7200010,,,124,/cluster/YewParVCTest/results_vc_full/logs/san200_0.7_1.clq.seqvc.r1.log
SEQ,san200_0.7_1.clq,seq,1,1,0,5,10000000,1,120m,7200014,,,124,/cluster/YewParVCTest/results_vc_full/logs/san200_0.7_1.clq.seq.r1.log
SEQ,san200_0.9_1.clq,seqvc,1,1,0,5,10000000,1,120m,7200010,,,124,/cluster/YewParVCTest/results_vc_full/logs/san200_0.9_1.clq.seqvc.r1.log
SEQ,san200_0.9_1.clq,seq,1,1,0,5,10000000,1,120m,7200022,,,124,/cluster/YewParVCTest/results_vc_full/logs/san200_0.9_1.clq.seq.r1.log
SEQ,san400_0.5_1.clq,seqvc,1,1,0,5,10000000,1,120m,7200010,,,124,/cluster/YewParVCTest/results_vc_full/logs/san400_0.5_1.clq.seqvc.r1.log
SEQ,san400_0.5_1.clq,seq,1,1,0,5,10000000,1,120m,7200014,,,124,/cluster/YewParVCTest/results_vc_full/logs/san400_0.5_1.clq.seq.r1.log
PAR,brock200_1.clq,depthbounded,1,32,31,5,10000000,1,120m,9644,9079,179,0,/cluster/YewParVCTest/results_vc_full/logs/brock200_1.clq.ywp.depthbounded.n1.t32.r1.log
PAR,brock200_1.clq,depthbounded,2,32,62,5,10000000,1,120m,10754,9131,179,0,/cluster/YewParVCTest/results_vc_full/logs/brock200_1.clq.ywp.depthbounded.n2.t32.r1.log
PAR,brock200_1.clq,depthbounded,4,32,124,5,10000000,1,120m,10789,9140,179,0,/cluster/YewParVCTest/results_vc_full/logs/brock200_1.clq.ywp.depthbounded.n4.t32.r1.log
PAR,brock200_1.clq,depthbounded,8,32,248,5,10000000,1,120m,10840,9158,179,0,/cluster/YewParVCTest/results_vc_full/logs/brock200_1.clq.ywp.depthbounded.n8.t32.r1.log
PAR,brock200_1.clq,budget,1,32,31,5,10000000,1,120m,10357,9825,179,0,/cluster/YewParVCTest/results_vc_full/logs/brock200_1.clq.ywp.budget.n1.t32.r1.log
PAR,brock200_1.clq,budget,2,32,62,5,10000000,1,120m,10955,9882,179,0,/cluster/YewParVCTest/results_vc_full/logs/brock200_1.clq.ywp.budget.n2.t32.r1.log
PAR,brock200_1.clq,budget,4,32,124,5,10000000,1,120m,11006,9900,179,0,/cluster/YewParVCTest/results_vc_full/logs/brock200_1.clq.ywp.budget.n4.t32.r1.log
PAR,brock200_1.clq,budget,8,32,248,5,10000000,1,120m,11308,9906,179,0,/cluster/YewParVCTest/results_vc_full/logs/brock200_1.clq.ywp.budget.n8.t32.r1.log
PAR,brock200_1.clq,stacksteal,1,32,31,5,10000000,1,120m,833,301,179,0,/cluster/YewParVCTest/results_vc_full/logs/brock200_1.clq.ywp.stacksteal.n1.t32.r1.log
PAR,brock200_1.clq,stacksteal,2,32,62,5,10000000,1,120m,1239,290,179,0,/cluster/YewParVCTest/results_vc_full/logs/brock200_1.clq.ywp.stacksteal.n2.t32.r1.log
PAR,brock200_1.clq,stacksteal,4,32,124,5,10000000,1,120m,1738,324,179,0,/cluster/YewParVCTest/results_vc_full/logs/brock200_1.clq.ywp.stacksteal.n4.t32.r1.log
PAR,brock200_1.clq,stacksteal,8,32,248,5,10000000,1,120m,1252,269,179,0,/cluster/YewParVCTest/results_vc_full/logs/brock200_1.clq.ywp.stacksteal.n8.t32.r1.log
PAR,brock200_2.clq,depthbounded,1,32,31,5,10000000,1,120m,709,218,188,0,/cluster/YewParVCTest/results_vc_full/logs/brock200_2.clq.ywp.depthbounded.n1.t32.r1.log
PAR,brock200_2.clq,depthbounded,2,32,62,5,10000000,1,120m,1215,298,188,0,/cluster/YewParVCTest/results_vc_full/logs/brock200_2.clq.ywp.depthbounded.n2.t32.r1.log
PAR,brock200_2.clq,depthbounded,4,32,124,5,10000000,1,120m,1250,305,188,0,/cluster/YewParVCTest/results_vc_full/logs/brock200_2.clq.ywp.depthbounded.n4.t32.r1.log
PAR,brock200_2.clq,depthbounded,8,32,248,5,10000000,1,120m,1722,316,188,0,/cluster/YewParVCTest/results_vc_full/logs/brock200_2.clq.ywp.depthbounded.n8.t32.r1.log
PAR,brock200_2.clq,budget,1,32,31,5,10000000,1,120m,691,210,188,0,/cluster/YewParVCTest/results_vc_full/logs/brock200_2.clq.ywp.budget.n1.t32.r1.log
PAR,brock200_2.clq,budget,2,32,62,5,10000000,1,120m,1192,262,188,0,/cluster/YewParVCTest/results_vc_full/logs/brock200_2.clq.ywp.budget.n2.t32.r1.log
PAR,brock200_2.clq,budget,4,32,124,5,10000000,1,120m,1204,270,188,0,/cluster/YewParVCTest/results_vc_full/logs/brock200_2.clq.ywp.budget.n4.t32.r1.log
PAR,brock200_2.clq,budget,8,32,248,5,10000000,1,120m,1250,282,188,0,/cluster/YewParVCTest/results_vc_full/logs/brock200_2.clq.ywp.budget.n8.t32.r1.log
PAR,brock200_2.clq,stacksteal,1,32,31,5,10000000,1,120m,535,39,188,0,/cluster/YewParVCTest/results_vc_full/logs/brock200_2.clq.ywp.stacksteal.n1.t32.r1.log
PAR,brock200_2.clq,stacksteal,2,32,62,5,10000000,1,120m,952,47,188,0,/cluster/YewParVCTest/results_vc_full/logs/brock200_2.clq.ywp.stacksteal.n2.t32.r1.log
PAR,brock200_2.clq,stacksteal,4,32,124,5,10000000,1,120m,977,48,188,0,/cluster/YewParVCTest/results_vc_full/logs/brock200_2.clq.ywp.stacksteal.n4.t32.r1.log
PAR,brock200_2.clq,stacksteal,8,32,248,5,10000000,1,120m,985,68,188,0,/cluster/YewParVCTest/results_vc_full/logs/brock200_2.clq.ywp.stacksteal.n8.t32.r1.log
PAR,brock200_3.clq,depthbounded,1,32,31,5,10000000,1,120m,1327,836,185,0,/cluster/YewParVCTest/results_vc_full/logs/brock200_3.clq.ywp.depthbounded.n1.t32.r1.log
PAR,brock200_3.clq,depthbounded,2,32,62,5,10000000,1,120m,1852,911,185,0,/cluster/YewParVCTest/results_vc_full/logs/brock200_3.clq.ywp.depthbounded.n2.t32.r1.log
PAR,brock200_3.clq,depthbounded,4,32,124,5,10000000,1,120m,1878,919,185,0,/cluster/YewParVCTest/results_vc_full/logs/brock200_3.clq.ywp.depthbounded.n4.t32.r1.log
PAR,brock200_3.clq,depthbounded,8,32,248,5,10000000,1,120m,1924,925,185,0,/cluster/YewParVCTest/results_vc_full/logs/brock200_3.clq.ywp.depthbounded.n8.t32.r1.log
PAR,brock200_3.clq,budget,1,32,31,5,10000000,1,120m,1851,1324,185,0,/cluster/YewParVCTest/results_vc_full/logs/brock200_3.clq.ywp.budget.n1.t32.r1.log
PAR,brock200_3.clq,budget,2,32,62,5,10000000,1,120m,2332,1378,185,0,/cluster/YewParVCTest/results_vc_full/logs/brock200_3.clq.ywp.budget.n2.t32.r1.log
PAR,brock200_3.clq,budget,4,32,124,5,10000000,1,120m,2710,1390,185,0,/cluster/YewParVCTest/results_vc_full/logs/brock200_3.clq.ywp.budget.n4.t32.r1.log
PAR,brock200_3.clq,budget,8,32,248,5,10000000,1,120m,2386,1397,185,0,/cluster/YewParVCTest/results_vc_full/logs/brock200_3.clq.ywp.budget.n8.t32.r1.log
PAR,brock200_3.clq,stacksteal,1,32,31,5,10000000,1,120m,613,65,185,0,/cluster/YewParVCTest/results_vc_full/logs/brock200_3.clq.ywp.stacksteal.n1.t32.r1.log
PAR,brock200_3.clq,stacksteal,2,32,62,5,10000000,1,120m,1017,79,185,0,/cluster/YewParVCTest/results_vc_full/logs/brock200_3.clq.ywp.stacksteal.n2.t32.r1.log
PAR,brock200_3.clq,stacksteal,4,32,124,5,10000000,1,120m,1057,83,185,0,/cluster/YewParVCTest/results_vc_full/logs/brock200_3.clq.ywp.stacksteal.n4.t32.r1.log
PAR,brock200_3.clq,stacksteal,8,32,248,5,10000000,1,120m,1088,101,185,0,/cluster/YewParVCTest/results_vc_full/logs/brock200_3.clq.ywp.stacksteal.n8.t32.r1.log
PAR,brock200_4.clq,depthbounded,1,32,31,5,10000000,1,120m,1890,1368,183,0,/cluster/YewParVCTest/results_vc_full/logs/brock200_4.clq.ywp.depthbounded.n1.t32.r1.log
PAR,brock200_4.clq,depthbounded,2,32,62,5,10000000,1,120m,2376,1422,183,0,/cluster/YewParVCTest/results_vc_full/logs/brock200_4.clq.ywp.depthbounded.n2.t32.r1.log
PAR,brock200_4.clq,depthbounded,4,32,124,5,10000000,1,120m,2406,1438,183,0,/cluster/YewParVCTest/results_vc_full/logs/brock200_4.clq.ywp.depthbounded.n4.t32.r1.log
PAR,brock200_4.clq,depthbounded,8,32,248,5,10000000,1,120m,2426,1445,183,0,/cluster/YewParVCTest/results_vc_full/logs/brock200_4.clq.ywp.depthbounded.n8.t32.r1.log
PAR,brock200_4.clq,budget,1,32,31,5,10000000,1,120m,2355,1825,183,0,/cluster/YewParVCTest/results_vc_full/logs/brock200_4.clq.ywp.budget.n1.t32.r1.log
PAR,brock200_4.clq,budget,2,32,62,5,10000000,1,120m,3249,1877,183,0,/cluster/YewParVCTest/results_vc_full/logs/brock200_4.clq.ywp.budget.n2.t32.r1.log
PAR,brock200_4.clq,budget,4,32,124,5,10000000,1,120m,2845,1886,183,0,/cluster/YewParVCTest/results_vc_full/logs/brock200_4.clq.ywp.budget.n4.t32.r1.log
PAR,brock200_4.clq,budget,8,32,248,5,10000000,1,120m,2882,1899,183,0,/cluster/YewParVCTest/results_vc_full/logs/brock200_4.clq.ywp.budget.n8.t32.r1.log
PAR,brock200_4.clq,stacksteal,1,32,31,5,10000000,1,120m,641,94,183,0,/cluster/YewParVCTest/results_vc_full/logs/brock200_4.clq.ywp.stacksteal.n1.t32.r1.log
PAR,brock200_4.clq,stacksteal,2,32,62,5,10000000,1,120m,1046,112,183,0,/cluster/YewParVCTest/results_vc_full/logs/brock200_4.clq.ywp.stacksteal.n2.t32.r1.log
PAR,brock200_4.clq,stacksteal,4,32,124,5,10000000,1,120m,1093,131,183,0,/cluster/YewParVCTest/results_vc_full/logs/brock200_4.clq.ywp.stacksteal.n4.t32.r1.log
PAR,brock200_4.clq,stacksteal,8,32,248,5,10000000,1,120m,1100,118,183,0,/cluster/YewParVCTest/results_vc_full/logs/brock200_4.clq.ywp.stacksteal.n8.t32.r1.log
PAR,C125.9.clq,depthbounded,1,32,31,5,10000000,1,120m,1354,872,91,0,/cluster/YewParVCTest/results_vc_full/logs/C125.9.clq.ywp.depthbounded.n1.t32.r1.log
PAR,C125.9.clq,depthbounded,2,32,62,5,10000000,1,120m,1861,928,91,0,/cluster/YewParVCTest/results_vc_full/logs/C125.9.clq.ywp.depthbounded.n2.t32.r1.log
PAR,C125.9.clq,depthbounded,4,32,124,5,10000000,1,120m,2314,934,91,0,/cluster/YewParVCTest/results_vc_full/logs/C125.9.clq.ywp.depthbounded.n4.t32.r1.log
PAR,C125.9.clq,depthbounded,8,32,248,5,10000000,1,120m,1908,945,91,0,/cluster/YewParVCTest/results_vc_full/logs/C125.9.clq.ywp.depthbounded.n8.t32.r1.log
PAR,C125.9.clq,budget,1,32,31,5,10000000,1,120m,1322,824,91,0,/cluster/YewParVCTest/results_vc_full/logs/C125.9.clq.ywp.budget.n1.t32.r1.log
PAR,C125.9.clq,budget,2,32,62,5,10000000,1,120m,1805,879,91,0,/cluster/YewParVCTest/results_vc_full/logs/C125.9.clq.ywp.budget.n2.t32.r1.log
PAR,C125.9.clq,budget,4,32,124,5,10000000,1,120m,1838,887,91,0,/cluster/YewParVCTest/results_vc_full/logs/C125.9.clq.ywp.budget.n4.t32.r1.log
PAR,C125.9.clq,budget,8,32,248,5,10000000,1,120m,2307,899,91,0,/cluster/YewParVCTest/results_vc_full/logs/C125.9.clq.ywp.budget.n8.t32.r1.log
PAR,C125.9.clq,stacksteal,1,32,31,5,10000000,1,120m,589,60,91,0,/cluster/YewParVCTest/results_vc_full/logs/C125.9.clq.ywp.stacksteal.n1.t32.r1.log
PAR,C125.9.clq,stacksteal,2,32,62,5,10000000,1,120m,996,73,91,0,/cluster/YewParVCTest/results_vc_full/logs/C125.9.clq.ywp.stacksteal.n2.t32.r1.log
PAR,C125.9.clq,stacksteal,4,32,124,5,10000000,1,120m,1034,65,91,0,/cluster/YewParVCTest/results_vc_full/logs/C125.9.clq.ywp.stacksteal.n4.t32.r1.log
PAR,C125.9.clq,stacksteal,8,32,248,5,10000000,1,120m,1058,92,91,0,/cluster/YewParVCTest/results_vc_full/logs/C125.9.clq.ywp.stacksteal.n8.t32.r1.log
PAR,c-fat200-1.clq,depthbounded,1,32,31,5,10000000,1,120m,492,13,188,0,/cluster/YewParVCTest/results_vc_full/logs/c-fat200-1.clq.ywp.depthbounded.n1.t32.r1.log
PAR,c-fat200-1.clq,depthbounded,2,32,62,5,10000000,1,120m,992,83,188,0,/cluster/YewParVCTest/results_vc_full/logs/c-fat200-1.clq.ywp.depthbounded.n2.t32.r1.log
PAR,c-fat200-1.clq,depthbounded,4,32,124,5,10000000,1,120m,1020,88,188,0,/cluster/YewParVCTest/results_vc_full/logs/c-fat200-1.clq.ywp.depthbounded.n4.t32.r1.log
PAR,c-fat200-1.clq,depthbounded,8,32,248,5,10000000,1,120m,1055,102,188,0,/cluster/YewParVCTest/results_vc_full/logs/c-fat200-1.clq.ywp.depthbounded.n8.t32.r1.log
PAR,c-fat200-1.clq,budget,1,32,31,5,10000000,1,120m,482,7,188,0,/cluster/YewParVCTest/results_vc_full/logs/c-fat200-1.clq.ywp.budget.n1.t32.r1.log
PAR,c-fat200-1.clq,budget,2,32,62,5,10000000,1,120m,917,30,188,0,/cluster/YewParVCTest/results_vc_full/logs/c-fat200-1.clq.ywp.budget.n2.t32.r1.log
PAR,c-fat200-1.clq,budget,4,32,124,5,10000000,1,120m,942,36,188,0,/cluster/YewParVCTest/results_vc_full/logs/c-fat200-1.clq.ywp.budget.n4.t32.r1.log
PAR,c-fat200-1.clq,budget,8,32,248,5,10000000,1,120m,967,49,188,0,/cluster/YewParVCTest/results_vc_full/logs/c-fat200-1.clq.ywp.budget.n8.t32.r1.log
PAR,c-fat200-1.clq,stacksteal,1,32,31,5,10000000,1,120m,464,8,188,0,/cluster/YewParVCTest/results_vc_full/logs/c-fat200-1.clq.ywp.stacksteal.n1.t32.r1.log
PAR,c-fat200-1.clq,stacksteal,2,32,62,5,10000000,1,120m,5068,14,188,139,/cluster/YewParVCTest/results_vc_full/logs/c-fat200-1.clq.ywp.stacksteal.n2.t32.r1.log
PAR,c-fat200-1.clq,stacksteal,4,32,124,5,10000000,1,120m,3110,25,188,139,/cluster/YewParVCTest/results_vc_full/logs/c-fat200-1.clq.ywp.stacksteal.n4.t32.r1.log
PAR,c-fat200-1.clq,stacksteal,8,32,248,5,10000000,1,120m,3147,79,188,139,/cluster/YewParVCTest/results_vc_full/logs/c-fat200-1.clq.ywp.stacksteal.n8.t32.r1.log
PAR,c-fat200-2.clq,depthbounded,1,32,31,5,10000000,1,120m,544,18,176,0,/cluster/YewParVCTest/results_vc_full/logs/c-fat200-2.clq.ywp.depthbounded.n1.t32.r1.log
PAR,c-fat200-2.clq,depthbounded,2,32,62,5,10000000,1,120m,965,81,176,0,/cluster/YewParVCTest/results_vc_full/logs/c-fat200-2.clq.ywp.depthbounded.n2.t32.r1.log
PAR,c-fat200-2.clq,depthbounded,4,32,124,5,10000000,1,120m,987,86,176,0,/cluster/YewParVCTest/results_vc_full/logs/c-fat200-2.clq.ywp.depthbounded.n4.t32.r1.log
PAR,c-fat200-2.clq,depthbounded,8,32,248,5,10000000,1,120m,1030,99,176,0,/cluster/YewParVCTest/results_vc_full/logs/c-fat200-2.clq.ywp.depthbounded.n8.t32.r1.log
PAR,c-fat200-2.clq,budget,1,32,31,5,10000000,1,120m,487,11,176,0,/cluster/YewParVCTest/results_vc_full/logs/c-fat200-2.clq.ywp.budget.n1.t32.r1.log
PAR,c-fat200-2.clq,budget,2,32,62,5,10000000,1,120m,911,28,176,0,/cluster/YewParVCTest/results_vc_full/logs/c-fat200-2.clq.ywp.budget.n2.t32.r1.log
PAR,c-fat200-2.clq,budget,4,32,124,5,10000000,1,120m,937,37,176,0,/cluster/YewParVCTest/results_vc_full/logs/c-fat200-2.clq.ywp.budget.n4.t32.r1.log
PAR,c-fat200-2.clq,budget,8,32,248,5,10000000,1,120m,976,49,176,0,/cluster/YewParVCTest/results_vc_full/logs/c-fat200-2.clq.ywp.budget.n8.t32.r1.log
PAR,c-fat200-2.clq,stacksteal,1,32,31,5,10000000,1,120m,469,9,176,0,/cluster/YewParVCTest/results_vc_full/logs/c-fat200-2.clq.ywp.stacksteal.n1.t32.r1.log
PAR,c-fat200-2.clq,stacksteal,2,32,62,5,10000000,1,120m,3011,12,176,139,/cluster/YewParVCTest/results_vc_full/logs/c-fat200-2.clq.ywp.stacksteal.n2.t32.r1.log
PAR,c-fat200-2.clq,stacksteal,4,32,124,5,10000000,1,120m,1367,21,176,0,/cluster/YewParVCTest/results_vc_full/logs/c-fat200-2.clq.ywp.stacksteal.n4.t32.r1.log
PAR,c-fat200-2.clq,stacksteal,8,32,248,5,10000000,1,120m,3113,45,176,139,/cluster/YewParVCTest/results_vc_full/logs/c-fat200-2.clq.ywp.stacksteal.n8.t32.r1.log
PAR,c-fat200-5.clq,depthbounded,1,32,31,5,10000000,1,120m,563,15,142,0,/cluster/YewParVCTest/results_vc_full/logs/c-fat200-5.clq.ywp.depthbounded.n1.t32.r1.log
PAR,c-fat200-5.clq,depthbounded,2,32,62,5,10000000,1,120m,1003,84,142,0,/cluster/YewParVCTest/results_vc_full/logs/c-fat200-5.clq.ywp.depthbounded.n2.t32.r1.log
PAR,c-fat200-5.clq,depthbounded,4,32,124,5,10000000,1,120m,1038,88,142,0,/cluster/YewParVCTest/results_vc_full/logs/c-fat200-5.clq.ywp.depthbounded.n4.t32.r1.log
PAR,c-fat200-5.clq,depthbounded,8,32,248,5,10000000,1,120m,1050,101,142,0,/cluster/YewParVCTest/results_vc_full/logs/c-fat200-5.clq.ywp.depthbounded.n8.t32.r1.log
PAR,c-fat200-5.clq,budget,1,32,31,5,10000000,1,120m,496,11,142,0,/cluster/YewParVCTest/results_vc_full/logs/c-fat200-5.clq.ywp.budget.n1.t32.r1.log
PAR,c-fat200-5.clq,budget,2,32,62,5,10000000,1,120m,930,29,142,0,/cluster/YewParVCTest/results_vc_full/logs/c-fat200-5.clq.ywp.budget.n2.t32.r1.log
PAR,c-fat200-5.clq,budget,4,32,124,5,10000000,1,120m,942,36,142,0,/cluster/YewParVCTest/results_vc_full/logs/c-fat200-5.clq.ywp.budget.n4.t32.r1.log
PAR,c-fat200-5.clq,budget,8,32,248,5,10000000,1,120m,996,49,142,0,/cluster/YewParVCTest/results_vc_full/logs/c-fat200-5.clq.ywp.budget.n8.t32.r1.log
PAR,c-fat200-5.clq,stacksteal,1,32,31,5,10000000,1,120m,502,10,142,0,/cluster/YewParVCTest/results_vc_full/logs/c-fat200-5.clq.ywp.stacksteal.n1.t32.r1.log
PAR,c-fat200-5.clq,stacksteal,2,32,62,5,10000000,1,120m,3049,15,142,139,/cluster/YewParVCTest/results_vc_full/logs/c-fat200-5.clq.ywp.stacksteal.n2.t32.r1.log
PAR,c-fat200-5.clq,stacksteal,4,32,124,5,10000000,1,120m,3102,22,142,139,/cluster/YewParVCTest/results_vc_full/logs/c-fat200-5.clq.ywp.stacksteal.n4.t32.r1.log
PAR,c-fat200-5.clq,stacksteal,8,32,248,5,10000000,1,120m,3569,46,142,139,/cluster/YewParVCTest/results_vc_full/logs/c-fat200-5.clq.ywp.stacksteal.n8.t32.r1.log
PAR,c-fat500-1.clq,depthbounded,1,32,31,5,10000000,1,120m,556,21,486,0,/cluster/YewParVCTest/results_vc_full/logs/c-fat500-1.clq.ywp.depthbounded.n1.t32.r1.log
PAR,c-fat500-1.clq,depthbounded,2,32,62,5,10000000,1,120m,991,87,486,0,/cluster/YewParVCTest/results_vc_full/logs/c-fat500-1.clq.ywp.depthbounded.n2.t32.r1.log
PAR,c-fat500-1.clq,depthbounded,4,32,124,5,10000000,1,120m,1009,91,486,0,/cluster/YewParVCTest/results_vc_full/logs/c-fat500-1.clq.ywp.depthbounded.n4.t32.r1.log
PAR,c-fat500-1.clq,depthbounded,8,32,248,5,10000000,1,120m,1054,105,486,0,/cluster/YewParVCTest/results_vc_full/logs/c-fat500-1.clq.ywp.depthbounded.n8.t32.r1.log
PAR,c-fat500-1.clq,budget,1,32,31,5,10000000,1,120m,520,18,486,0,/cluster/YewParVCTest/results_vc_full/logs/c-fat500-1.clq.ywp.budget.n1.t32.r1.log
PAR,c-fat500-1.clq,budget,2,32,62,5,10000000,1,120m,937,35,486,0,/cluster/YewParVCTest/results_vc_full/logs/c-fat500-1.clq.ywp.budget.n2.t32.r1.log
PAR,c-fat500-1.clq,budget,4,32,124,5,10000000,1,120m,925,42,486,0,/cluster/YewParVCTest/results_vc_full/logs/c-fat500-1.clq.ywp.budget.n4.t32.r1.log
PAR,c-fat500-1.clq,budget,8,32,248,5,10000000,1,120m,1440,57,486,0,/cluster/YewParVCTest/results_vc_full/logs/c-fat500-1.clq.ywp.budget.n8.t32.r1.log
PAR,c-fat500-1.clq,stacksteal,1,32,31,5,10000000,1,120m,513,13,486,0,/cluster/YewParVCTest/results_vc_full/logs/c-fat500-1.clq.ywp.stacksteal.n1.t32.r1.log
PAR,c-fat500-1.clq,stacksteal,2,32,62,5,10000000,1,120m,3069,23,486,139,/cluster/YewParVCTest/results_vc_full/logs/c-fat500-1.clq.ywp.stacksteal.n2.t32.r1.log
PAR,c-fat500-1.clq,stacksteal,4,32,124,5,10000000,1,120m,982,32,486,0,/cluster/YewParVCTest/results_vc_full/logs/c-fat500-1.clq.ywp.stacksteal.n4.t32.r1.log
PAR,c-fat500-1.clq,stacksteal,8,32,248,5,10000000,1,120m,4172,126,486,139,/cluster/YewParVCTest/results_vc_full/logs/c-fat500-1.clq.ywp.stacksteal.n8.t32.r1.log
PAR,c-fat500-2.clq,depthbounded,1,32,31,5,10000000,1,120m,567,21,474,0,/cluster/YewParVCTest/results_vc_full/logs/c-fat500-2.clq.ywp.depthbounded.n1.t32.r1.log
PAR,c-fat500-2.clq,depthbounded,2,32,62,5,10000000,1,120m,1003,84,474,0,/cluster/YewParVCTest/results_vc_full/logs/c-fat500-2.clq.ywp.depthbounded.n2.t32.r1.log
PAR,c-fat500-2.clq,depthbounded,4,32,124,5,10000000,1,120m,1006,94,474,0,/cluster/YewParVCTest/results_vc_full/logs/c-fat500-2.clq.ywp.depthbounded.n4.t32.r1.log
PAR,c-fat500-2.clq,depthbounded,8,32,248,5,10000000,1,120m,1058,105,474,0,/cluster/YewParVCTest/results_vc_full/logs/c-fat500-2.clq.ywp.depthbounded.n8.t32.r1.log
PAR,c-fat500-2.clq,budget,1,32,31,5,10000000,1,120m,517,18,474,0,/cluster/YewParVCTest/results_vc_full/logs/c-fat500-2.clq.ywp.budget.n1.t32.r1.log
PAR,c-fat500-2.clq,budget,2,32,62,5,10000000,1,120m,941,34,474,0,/cluster/YewParVCTest/results_vc_full/logs/c-fat500-2.clq.ywp.budget.n2.t32.r1.log
PAR,c-fat500-2.clq,budget,4,32,124,5,10000000,1,120m,951,42,474,0,/cluster/YewParVCTest/results_vc_full/logs/c-fat500-2.clq.ywp.budget.n4.t32.r1.log
PAR,c-fat500-2.clq,budget,8,32,248,5,10000000,1,120m,984,57,474,0,/cluster/YewParVCTest/results_vc_full/logs/c-fat500-2.clq.ywp.budget.n8.t32.r1.log
PAR,c-fat500-2.clq,stacksteal,1,32,31,5,10000000,1,120m,511,14,474,0,/cluster/YewParVCTest/results_vc_full/logs/c-fat500-2.clq.ywp.stacksteal.n1.t32.r1.log
PAR,c-fat500-2.clq,stacksteal,2,32,62,5,10000000,1,120m,918,23,474,0,/cluster/YewParVCTest/results_vc_full/logs/c-fat500-2.clq.ywp.stacksteal.n2.t32.r1.log
PAR,c-fat500-2.clq,stacksteal,4,32,124,5,10000000,1,120m,953,27,474,0,/cluster/YewParVCTest/results_vc_full/logs/c-fat500-2.clq.ywp.stacksteal.n4.t32.r1.log
PAR,c-fat500-2.clq,stacksteal,8,32,248,5,10000000,1,120m,987,56,474,0,/cluster/YewParVCTest/results_vc_full/logs/c-fat500-2.clq.ywp.stacksteal.n8.t32.r1.log
PAR,c-fat500-5.clq,depthbounded,1,32,31,5,10000000,1,120m,503,19,436,0,/cluster/YewParVCTest/results_vc_full/logs/c-fat500-5.clq.ywp.depthbounded.n1.t32.r1.log
PAR,c-fat500-5.clq,depthbounded,2,32,62,5,10000000,1,120m,972,80,436,0,/cluster/YewParVCTest/results_vc_full/logs/c-fat500-5.clq.ywp.depthbounded.n2.t32.r1.log
PAR,c-fat500-5.clq,depthbounded,4,32,124,5,10000000,1,120m,1018,91,436,0,/cluster/YewParVCTest/results_vc_full/logs/c-fat500-5.clq.ywp.depthbounded.n4.t32.r1.log
PAR,c-fat500-5.clq,depthbounded,8,32,248,5,10000000,1,120m,1086,104,436,0,/cluster/YewParVCTest/results_vc_full/logs/c-fat500-5.clq.ywp.depthbounded.n8.t32.r1.log
PAR,c-fat500-5.clq,budget,1,32,31,5,10000000,1,120m,531,18,436,0,/cluster/YewParVCTest/results_vc_full/logs/c-fat500-5.clq.ywp.budget.n1.t32.r1.log
PAR,c-fat500-5.clq,budget,2,32,62,5,10000000,1,120m,943,34,436,0,/cluster/YewParVCTest/results_vc_full/logs/c-fat500-5.clq.ywp.budget.n2.t32.r1.log
PAR,c-fat500-5.clq,budget,4,32,124,5,10000000,1,120m,976,40,436,0,/cluster/YewParVCTest/results_vc_full/logs/c-fat500-5.clq.ywp.budget.n4.t32.r1.log
PAR,c-fat500-5.clq,budget,8,32,248,5,10000000,1,120m,999,56,436,0,/cluster/YewParVCTest/results_vc_full/logs/c-fat500-5.clq.ywp.budget.n8.t32.r1.log
PAR,c-fat500-5.clq,stacksteal,1,32,31,5,10000000,1,120m,512,13,436,0,/cluster/YewParVCTest/results_vc_full/logs/c-fat500-5.clq.ywp.stacksteal.n1.t32.r1.log
PAR,c-fat500-5.clq,stacksteal,2,32,62,5,10000000,1,120m,947,22,436,0,/cluster/YewParVCTest/results_vc_full/logs/c-fat500-5.clq.ywp.stacksteal.n2.t32.r1.log
PAR,c-fat500-5.clq,stacksteal,4,32,124,5,10000000,1,120m,3108,30,436,139,/cluster/YewParVCTest/results_vc_full/logs/c-fat500-5.clq.ywp.stacksteal.n4.t32.r1.log
PAR,c-fat500-5.clq,stacksteal,8,32,248,5,10000000,1,120m,4631,56,436,139,/cluster/YewParVCTest/results_vc_full/logs/c-fat500-5.clq.ywp.stacksteal.n8.t32.r1.log
PAR,DSJC500_5.clq,depthbounded,1,32,31,5,10000000,1,120m,63475,62841,487,0,/cluster/YewParVCTest/results_vc_full/logs/DSJC500_5.clq.ywp.depthbounded.n1.t32.r1.log
PAR,DSJC500_5.clq,depthbounded,2,32,62,5,10000000,1,120m,64579,62955,487,0,/cluster/YewParVCTest/results_vc_full/logs/DSJC500_5.clq.ywp.depthbounded.n2.t32.r1.log
PAR,DSJC500_5.clq,depthbounded,4,32,124,5,10000000,1,120m,64578,62951,487,0,/cluster/YewParVCTest/results_vc_full/logs/DSJC500_5.clq.ywp.depthbounded.n4.t32.r1.log
PAR,DSJC500_5.clq,depthbounded,8,32,248,5,10000000,1,120m,64626,62960,487,0,/cluster/YewParVCTest/results_vc_full/logs/DSJC500_5.clq.ywp.depthbounded.n8.t32.r1.log
PAR,DSJC500_5.clq,budget,1,32,31,5,10000000,1,120m,67447,66834,487,0,/cluster/YewParVCTest/results_vc_full/logs/DSJC500_5.clq.ywp.budget.n1.t32.r1.log
PAR,DSJC500_5.clq,budget,2,32,62,5,10000000,1,120m,68493,66920,487,0,/cluster/YewParVCTest/results_vc_full/logs/DSJC500_5.clq.ywp.budget.n2.t32.r1.log
PAR,DSJC500_5.clq,budget,4,32,124,5,10000000,1,120m,68590,66958,487,0,/cluster/YewParVCTest/results_vc_full/logs/DSJC500_5.clq.ywp.budget.n4.t32.r1.log
PAR,DSJC500_5.clq,budget,8,32,248,5,10000000,1,120m,68645,66978,487,0,/cluster/YewParVCTest/results_vc_full/logs/DSJC500_5.clq.ywp.budget.n8.t32.r1.log
PAR,DSJC500_5.clq,stacksteal,1,32,31,5,10000000,1,120m,3069,2432,487,0,/cluster/YewParVCTest/results_vc_full/logs/DSJC500_5.clq.ywp.stacksteal.n1.t32.r1.log
PAR,DSJC500_5.clq,stacksteal,2,32,62,5,10000000,1,120m,3843,2398,487,0,/cluster/YewParVCTest/results_vc_full/logs/DSJC500_5.clq.ywp.stacksteal.n2.t32.r1.log
PAR,DSJC500_5.clq,stacksteal,4,32,124,5,10000000,1,120m,3237,1687,487,0,/cluster/YewParVCTest/results_vc_full/logs/DSJC500_5.clq.ywp.stacksteal.n4.t32.r1.log
PAR,DSJC500_5.clq,stacksteal,8,32,248,5,10000000,1,120m,2867,1199,487,0,/cluster/YewParVCTest/results_vc_full/logs/DSJC500_5.clq.ywp.stacksteal.n8.t32.r1.log
PAR,gen200_p0.9_44.clq,depthbounded,1,32,31,5,10000000,1,120m,85125,84602,156,0,/cluster/YewParVCTest/results_vc_full/logs/gen200_p0.9_44.clq.ywp.depthbounded.n1.t32.r1.log
PAR,gen200_p0.9_44.clq,depthbounded,2,32,62,5,10000000,1,120m,86549,84992,156,0,/cluster/YewParVCTest/results_vc_full/logs/gen200_p0.9_44.clq.ywp.depthbounded.n2.t32.r1.log
PAR,gen200_p0.9_44.clq,depthbounded,4,32,124,5,10000000,1,120m,86437,84842,156,0,/cluster/YewParVCTest/results_vc_full/logs/gen200_p0.9_44.clq.ywp.depthbounded.n4.t32.r1.log
PAR,gen200_p0.9_44.clq,depthbounded,8,32,248,5,10000000,1,120m,86442,84833,156,0,/cluster/YewParVCTest/results_vc_full/logs/gen200_p0.9_44.clq.ywp.depthbounded.n8.t32.r1.log
PAR,gen200_p0.9_44.clq,budget,1,32,31,5,10000000,1,120m,67781,67232,156,0,/cluster/YewParVCTest/results_vc_full/logs/gen200_p0.9_44.clq.ywp.budget.n1.t32.r1.log
PAR,gen200_p0.9_44.clq,budget,2,32,62,5,10000000,1,120m,67692,66145,156,0,/cluster/YewParVCTest/results_vc_full/logs/gen200_p0.9_44.clq.ywp.budget.n2.t32.r1.log
PAR,gen200_p0.9_44.clq,budget,4,32,124,5,10000000,1,120m,66931,65347,156,0,/cluster/YewParVCTest/results_vc_full/logs/gen200_p0.9_44.clq.ywp.budget.n4.t32.r1.log
PAR,gen200_p0.9_44.clq,budget,8,32,248,5,10000000,1,120m,67492,65869,156,0,/cluster/YewParVCTest/results_vc_full/logs/gen200_p0.9_44.clq.ywp.budget.n8.t32.r1.log
PAR,gen200_p0.9_44.clq,stacksteal,1,32,31,5,10000000,1,120m,6206,5647,156,0,/cluster/YewParVCTest/results_vc_full/logs/gen200_p0.9_44.clq.ywp.stacksteal.n1.t32.r1.log
PAR,gen200_p0.9_44.clq,stacksteal,2,32,62,5,10000000,1,120m,6848,5448,156,0,/cluster/YewParVCTest/results_vc_full/logs/gen200_p0.9_44.clq.ywp.stacksteal.n2.t32.r1.log
PAR,gen200_p0.9_44.clq,stacksteal,4,32,124,5,10000000,1,120m,6986,5430,156,0,/cluster/YewParVCTest/results_vc_full/logs/gen200_p0.9_44.clq.ywp.stacksteal.n4.t32.r1.log
PAR,gen200_p0.9_44.clq,stacksteal,8,32,248,5,10000000,1,120m,7234,5623,156,0,/cluster/YewParVCTest/results_vc_full/logs/gen200_p0.9_44.clq.ywp.stacksteal.n8.t32.r1.log
PAR,gen200_p0.9_55.clq,depthbounded,1,32,31,5,10000000,1,120m,8901,8381,145,0,/cluster/YewParVCTest/results_vc_full/logs/gen200_p0.9_55.clq.ywp.depthbounded.n1.t32.r1.log
PAR,gen200_p0.9_55.clq,depthbounded,2,32,62,5,10000000,1,120m,9416,8456,145,0,/cluster/YewParVCTest/results_vc_full/logs/gen200_p0.9_55.clq.ywp.depthbounded.n2.t32.r1.log
PAR,gen200_p0.9_55.clq,depthbounded,4,32,124,5,10000000,1,120m,9577,8460,145,0,/cluster/YewParVCTest/results_vc_full/logs/gen200_p0.9_55.clq.ywp.depthbounded.n4.t32.r1.log
PAR,gen200_p0.9_55.clq,depthbounded,8,32,248,5,10000000,1,120m,9601,8469,145,0,/cluster/YewParVCTest/results_vc_full/logs/gen200_p0.9_55.clq.ywp.depthbounded.n8.t32.r1.log
PAR,gen200_p0.9_55.clq,budget,1,32,31,5,10000000,1,120m,20868,20326,145,0,/cluster/YewParVCTest/results_vc_full/logs/gen200_p0.9_55.clq.ywp.budget.n1.t32.r1.log
PAR,gen200_p0.9_55.clq,budget,2,32,62,5,10000000,1,120m,21922,20417,145,0,/cluster/YewParVCTest/results_vc_full/logs/gen200_p0.9_55.clq.ywp.budget.n2.t32.r1.log
PAR,gen200_p0.9_55.clq,budget,4,32,124,5,10000000,1,120m,21933,20398,145,0,/cluster/YewParVCTest/results_vc_full/logs/gen200_p0.9_55.clq.ywp.budget.n4.t32.r1.log
PAR,gen200_p0.9_55.clq,budget,8,32,248,5,10000000,1,120m,22010,20411,145,0,/cluster/YewParVCTest/results_vc_full/logs/gen200_p0.9_55.clq.ywp.budget.n8.t32.r1.log
PAR,gen200_p0.9_55.clq,stacksteal,1,32,31,5,10000000,1,120m,1437,908,145,0,/cluster/YewParVCTest/results_vc_full/logs/gen200_p0.9_55.clq.ywp.stacksteal.n1.t32.r1.log
PAR,gen200_p0.9_55.clq,stacksteal,2,32,62,5,10000000,1,120m,1724,315,145,0,/cluster/YewParVCTest/results_vc_full/logs/gen200_p0.9_55.clq.ywp.stacksteal.n2.t32.r1.log
PAR,gen200_p0.9_55.clq,stacksteal,4,32,124,5,10000000,1,120m,1183,213,145,0,/cluster/YewParVCTest/results_vc_full/logs/gen200_p0.9_55.clq.ywp.stacksteal.n4.t32.r1.log
PAR,gen200_p0.9_55.clq,stacksteal,8,32,248,5,10000000,1,120m,1183,182,145,0,/cluster/YewParVCTest/results_vc_full/logs/gen200_p0.9_55.clq.ywp.stacksteal.n8.t32.r1.log
PAR,hamming8-4.clq,depthbounded,1,32,31,5,10000000,1,120m,2913,2409,240,0,/cluster/YewParVCTest/results_vc_full/logs/hamming8-4.clq.ywp.depthbounded.n1.t32.r1.log
PAR,hamming8-4.clq,depthbounded,2,32,62,5,10000000,1,120m,3455,2477,240,0,/cluster/YewParVCTest/results_vc_full/logs/hamming8-4.clq.ywp.depthbounded.n2.t32.r1.log
PAR,hamming8-4.clq,depthbounded,4,32,124,5,10000000,1,120m,3448,2476,240,0,/cluster/YewParVCTest/results_vc_full/logs/hamming8-4.clq.ywp.depthbounded.n4.t32.r1.log
PAR,hamming8-4.clq,depthbounded,8,32,248,5,10000000,1,120m,3473,2485,240,0,/cluster/YewParVCTest/results_vc_full/logs/hamming8-4.clq.ywp.depthbounded.n8.t32.r1.log
PAR,hamming8-4.clq,budget,1,32,31,5,10000000,1,120m,3365,2824,240,0,/cluster/YewParVCTest/results_vc_full/logs/hamming8-4.clq.ywp.budget.n1.t32.r1.log
PAR,hamming8-4.clq,budget,2,32,62,5,10000000,1,120m,3824,2876,240,0,/cluster/YewParVCTest/results_vc_full/logs/hamming8-4.clq.ywp.budget.n2.t32.r1.log
PAR,hamming8-4.clq,budget,4,32,124,5,10000000,1,120m,4282,2883,240,0,/cluster/YewParVCTest/results_vc_full/logs/hamming8-4.clq.ywp.budget.n4.t32.r1.log
PAR,hamming8-4.clq,budget,8,32,248,5,10000000,1,120m,4027,2899,240,0,/cluster/YewParVCTest/results_vc_full/logs/hamming8-4.clq.ywp.budget.n8.t32.r1.log
PAR,hamming8-4.clq,stacksteal,1,32,31,5,10000000,1,120m,678,140,240,0,/cluster/YewParVCTest/results_vc_full/logs/hamming8-4.clq.ywp.stacksteal.n1.t32.r1.log
PAR,hamming8-4.clq,stacksteal,2,32,62,5,10000000,1,120m,1124,174,240,0,/cluster/YewParVCTest/results_vc_full/logs/hamming8-4.clq.ywp.stacksteal.n2.t32.r1.log
PAR,hamming8-4.clq,stacksteal,4,32,124,5,10000000,1,120m,1219,227,240,0,/cluster/YewParVCTest/results_vc_full/logs/hamming8-4.clq.ywp.stacksteal.n4.t32.r1.log
PAR,hamming8-4.clq,stacksteal,8,32,248,5,10000000,1,120m,1250,246,240,0,/cluster/YewParVCTest/results_vc_full/logs/hamming8-4.clq.ywp.stacksteal.n8.t32.r1.log
PAR,johnson16-2-4.clq,depthbounded,1,32,31,5,10000000,1,120m,4828,4348,112,0,/cluster/YewParVCTest/results_vc_full/logs/johnson16-2-4.clq.ywp.depthbounded.n1.t32.r1.log
PAR,johnson16-2-4.clq,depthbounded,2,32,62,5,10000000,1,120m,5364,4421,112,0,/cluster/YewParVCTest/results_vc_full/logs/johnson16-2-4.clq.ywp.depthbounded.n2.t32.r1.log
PAR,johnson16-2-4.clq,depthbounded,4,32,124,5,10000000,1,120m,5506,4413,112,0,/cluster/YewParVCTest/results_vc_full/logs/johnson16-2-4.clq.ywp.depthbounded.n4.t32.r1.log
PAR,johnson16-2-4.clq,depthbounded,8,32,248,5,10000000,1,120m,5993,4434,112,0,/cluster/YewParVCTest/results_vc_full/logs/johnson16-2-4.clq.ywp.depthbounded.n8.t32.r1.log
PAR,johnson16-2-4.clq,budget,1,32,31,5,10000000,1,120m,6335,5825,112,0,/cluster/YewParVCTest/results_vc_full/logs/johnson16-2-4.clq.ywp.budget.n1.t32.r1.log
PAR,johnson16-2-4.clq,budget,2,32,62,5,10000000,1,120m,7242,5880,112,0,/cluster/YewParVCTest/results_vc_full/logs/johnson16-2-4.clq.ywp.budget.n2.t32.r1.log
PAR,johnson16-2-4.clq,budget,4,32,124,5,10000000,1,120m,6983,5890,112,0,/cluster/YewParVCTest/results_vc_full/logs/johnson16-2-4.clq.ywp.budget.n4.t32.r1.log
PAR,johnson16-2-4.clq,budget,8,32,248,5,10000000,1,120m,7017,5902,112,0,/cluster/YewParVCTest/results_vc_full/logs/johnson16-2-4.clq.ywp.budget.n8.t32.r1.log
PAR,johnson16-2-4.clq,stacksteal,1,32,31,5,10000000,1,120m,734,222,112,0,/cluster/YewParVCTest/results_vc_full/logs/johnson16-2-4.clq.ywp.stacksteal.n1.t32.r1.log
PAR,johnson16-2-4.clq,stacksteal,2,32,62,5,10000000,1,120m,1185,224,112,0,/cluster/YewParVCTest/results_vc_full/logs/johnson16-2-4.clq.ywp.stacksteal.n2.t32.r1.log
PAR,johnson16-2-4.clq,stacksteal,4,32,124,5,10000000,1,120m,1680,284,112,0,/cluster/YewParVCTest/results_vc_full/logs/johnson16-2-4.clq.ywp.stacksteal.n4.t32.r1.log
PAR,johnson16-2-4.clq,stacksteal,8,32,248,5,10000000,1,120m,1170,197,112,0,/cluster/YewParVCTest/results_vc_full/logs/johnson16-2-4.clq.ywp.stacksteal.n8.t32.r1.log
PAR,p_hat1000-1.clq,depthbounded,1,32,31,5,10000000,1,120m,19029,18340,990,0,/cluster/YewParVCTest/results_vc_full/logs/p_hat1000-1.clq.ywp.depthbounded.n1.t32.r1.log
PAR,p_hat1000-1.clq,depthbounded,2,32,62,5,10000000,1,120m,19684,18419,990,0,/cluster/YewParVCTest/results_vc_full/logs/p_hat1000-1.clq.ywp.depthbounded.n2.t32.r1.log
PAR,p_hat1000-1.clq,depthbounded,4,32,124,5,10000000,1,120m,20000,18427,990,0,/cluster/YewParVCTest/results_vc_full/logs/p_hat1000-1.clq.ywp.depthbounded.n4.t32.r1.log
PAR,p_hat1000-1.clq,depthbounded,8,32,248,5,10000000,1,120m,20189,18443,990,0,/cluster/YewParVCTest/results_vc_full/logs/p_hat1000-1.clq.ywp.depthbounded.n8.t32.r1.log
PAR,p_hat1000-1.clq,budget,1,32,31,5,10000000,1,120m,20035,19326,990,0,/cluster/YewParVCTest/results_vc_full/logs/p_hat1000-1.clq.ywp.budget.n1.t32.r1.log
PAR,p_hat1000-1.clq,budget,2,32,62,5,10000000,1,120m,20618,19390,990,0,/cluster/YewParVCTest/results_vc_full/logs/p_hat1000-1.clq.ywp.budget.n2.t32.r1.log
PAR,p_hat1000-1.clq,budget,4,32,124,5,10000000,1,120m,21167,19432,990,0,/cluster/YewParVCTest/results_vc_full/logs/p_hat1000-1.clq.ywp.budget.n4.t32.r1.log
PAR,p_hat1000-1.clq,budget,8,32,248,5,10000000,1,120m,21193,19439,990,0,/cluster/YewParVCTest/results_vc_full/logs/p_hat1000-1.clq.ywp.budget.n8.t32.r1.log
PAR,p_hat1000-1.clq,stacksteal,1,32,31,5,10000000,1,120m,1781,1057,990,0,/cluster/YewParVCTest/results_vc_full/logs/p_hat1000-1.clq.ywp.stacksteal.n1.t32.r1.log
PAR,p_hat1000-1.clq,stacksteal,2,32,62,5,10000000,1,120m,2041,928,990,0,/cluster/YewParVCTest/results_vc_full/logs/p_hat1000-1.clq.ywp.stacksteal.n2.t32.r1.log
PAR,p_hat1000-1.clq,stacksteal,4,32,124,5,10000000,1,120m,2196,1048,990,0,/cluster/YewParVCTest/results_vc_full/logs/p_hat1000-1.clq.ywp.stacksteal.n4.t32.r1.log
PAR,p_hat1000-1.clq,stacksteal,8,32,248,5,10000000,1,120m,2103,937,990,0,/cluster/YewParVCTest/results_vc_full/logs/p_hat1000-1.clq.ywp.stacksteal.n8.t32.r1.log
PAR,p_hat300-1.clq,depthbounded,1,32,31,5,10000000,1,120m,601,64,292,0,/cluster/YewParVCTest/results_vc_full/logs/p_hat300-1.clq.ywp.depthbounded.n1.t32.r1.log
PAR,p_hat300-1.clq,depthbounded,2,32,62,5,10000000,1,120m,1073,127,292,0,/cluster/YewParVCTest/results_vc_full/logs/p_hat300-1.clq.ywp.depthbounded.n2.t32.r1.log
PAR,p_hat300-1.clq,depthbounded,4,32,124,5,10000000,1,120m,1074,125,292,0,/cluster/YewParVCTest/results_vc_full/logs/p_hat300-1.clq.ywp.depthbounded.n4.t32.r1.log
PAR,p_hat300-1.clq,depthbounded,8,32,248,5,10000000,1,120m,1142,171,292,0,/cluster/YewParVCTest/results_vc_full/logs/p_hat300-1.clq.ywp.depthbounded.n8.t32.r1.log
PAR,p_hat300-1.clq,budget,1,32,31,5,10000000,1,120m,546,56,292,0,/cluster/YewParVCTest/results_vc_full/logs/p_hat300-1.clq.ywp.budget.n1.t32.r1.log
PAR,p_hat300-1.clq,budget,2,32,62,5,10000000,1,120m,985,81,292,0,/cluster/YewParVCTest/results_vc_full/logs/p_hat300-1.clq.ywp.budget.n2.t32.r1.log
PAR,p_hat300-1.clq,budget,4,32,124,5,10000000,1,120m,1014,87,292,0,/cluster/YewParVCTest/results_vc_full/logs/p_hat300-1.clq.ywp.budget.n4.t32.r1.log
PAR,p_hat300-1.clq,budget,8,32,248,5,10000000,1,120m,1063,100,292,0,/cluster/YewParVCTest/results_vc_full/logs/p_hat300-1.clq.ywp.budget.n8.t32.r1.log
PAR,p_hat300-1.clq,stacksteal,1,32,31,5,10000000,1,120m,525,29,292,0,/cluster/YewParVCTest/results_vc_full/logs/p_hat300-1.clq.ywp.stacksteal.n1.t32.r1.log
PAR,p_hat300-1.clq,stacksteal,2,32,62,5,10000000,1,120m,947,37,292,0,/cluster/YewParVCTest/results_vc_full/logs/p_hat300-1.clq.ywp.stacksteal.n2.t32.r1.log
PAR,p_hat300-1.clq,stacksteal,4,32,124,5,10000000,1,120m,973,45,292,0,/cluster/YewParVCTest/results_vc_full/logs/p_hat300-1.clq.ywp.stacksteal.n4.t32.r1.log
PAR,p_hat300-1.clq,stacksteal,8,32,248,5,10000000,1,120m,1467,68,292,0,/cluster/YewParVCTest/results_vc_full/logs/p_hat300-1.clq.ywp.stacksteal.n8.t32.r1.log
PAR,p_hat300-2.clq,depthbounded,1,32,31,5,10000000,1,120m,924,422,275,0,/cluster/YewParVCTest/results_vc_full/logs/p_hat300-2.clq.ywp.depthbounded.n1.t32.r1.log
PAR,p_hat300-2.clq,depthbounded,2,32,62,5,10000000,1,120m,1437,505,275,0,/cluster/YewParVCTest/results_vc_full/logs/p_hat300-2.clq.ywp.depthbounded.n2.t32.r1.log
PAR,p_hat300-2.clq,depthbounded,4,32,124,5,10000000,1,120m,1470,504,275,0,/cluster/YewParVCTest/results_vc_full/logs/p_hat300-2.clq.ywp.depthbounded.n4.t32.r1.log
PAR,p_hat300-2.clq,depthbounded,8,32,248,5,10000000,1,120m,1500,519,275,0,/cluster/YewParVCTest/results_vc_full/logs/p_hat300-2.clq.ywp.depthbounded.n8.t32.r1.log
PAR,p_hat300-2.clq,budget,1,32,31,5,10000000,1,120m,959,416,275,0,/cluster/YewParVCTest/results_vc_full/logs/p_hat300-2.clq.ywp.budget.n1.t32.r1.log
PAR,p_hat300-2.clq,budget,2,32,62,5,10000000,1,120m,1421,467,275,0,/cluster/YewParVCTest/results_vc_full/logs/p_hat300-2.clq.ywp.budget.n2.t32.r1.log
PAR,p_hat300-2.clq,budget,4,32,124,5,10000000,1,120m,1437,476,275,0,/cluster/YewParVCTest/results_vc_full/logs/p_hat300-2.clq.ywp.budget.n4.t32.r1.log
PAR,p_hat300-2.clq,budget,8,32,248,5,10000000,1,120m,1460,488,275,0,/cluster/YewParVCTest/results_vc_full/logs/p_hat300-2.clq.ywp.budget.n8.t32.r1.log
PAR,p_hat300-2.clq,stacksteal,1,32,31,5,10000000,1,120m,594,58,275,0,/cluster/YewParVCTest/results_vc_full/logs/p_hat300-2.clq.ywp.stacksteal.n1.t32.r1.log
PAR,p_hat300-2.clq,stacksteal,2,32,62,5,10000000,1,120m,1037,87,275,0,/cluster/YewParVCTest/results_vc_full/logs/p_hat300-2.clq.ywp.stacksteal.n2.t32.r1.log
PAR,p_hat300-2.clq,stacksteal,4,32,124,5,10000000,1,120m,1047,88,275,0,/cluster/YewParVCTest/results_vc_full/logs/p_hat300-2.clq.ywp.stacksteal.n4.t32.r1.log
PAR,p_hat300-2.clq,stacksteal,8,32,248,5,10000000,1,120m,1094,110,275,0,/cluster/YewParVCTest/results_vc_full/logs/p_hat300-2.clq.ywp.stacksteal.n8.t32.r1.log
PAR,p_hat300-3.clq,depthbounded,1,32,31,5,10000000,1,120m,22954,22406,264,0,/cluster/YewParVCTest/results_vc_full/logs/p_hat300-3.clq.ywp.depthbounded.n1.t32.r1.log
PAR,p_hat300-3.clq,depthbounded,2,32,62,5,10000000,1,120m,23622,22508,264,0,/cluster/YewParVCTest/results_vc_full/logs/p_hat300-3.clq.ywp.depthbounded.n2.t32.r1.log
PAR,p_hat300-3.clq,depthbounded,4,32,124,5,10000000,1,120m,24082,22510,264,0,/cluster/YewParVCTest/results_vc_full/logs/p_hat300-3.clq.ywp.depthbounded.n4.t32.r1.log
PAR,p_hat300-3.clq,depthbounded,8,32,248,5,10000000,1,120m,24110,22509,264,0,/cluster/YewParVCTest/results_vc_full/logs/p_hat300-3.clq.ywp.depthbounded.n8.t32.r1.log
PAR,p_hat300-3.clq,budget,1,32,31,5,10000000,1,120m,23887,23326,264,0,/cluster/YewParVCTest/results_vc_full/logs/p_hat300-3.clq.ywp.budget.n1.t32.r1.log
PAR,p_hat300-3.clq,budget,2,32,62,5,10000000,1,120m,24951,23408,264,0,/cluster/YewParVCTest/results_vc_full/logs/p_hat300-3.clq.ywp.budget.n2.t32.r1.log
PAR,p_hat300-3.clq,budget,4,32,124,5,10000000,1,120m,24976,23417,264,0,/cluster/YewParVCTest/results_vc_full/logs/p_hat300-3.clq.ywp.budget.n4.t32.r1.log
PAR,p_hat300-3.clq,budget,8,32,248,5,10000000,1,120m,25036,23413,264,0,/cluster/YewParVCTest/results_vc_full/logs/p_hat300-3.clq.ywp.budget.n8.t32.r1.log
PAR,p_hat300-3.clq,stacksteal,1,32,31,5,10000000,1,120m,7201044,,,124,/cluster/YewParVCTest/results_vc_full/logs/p_hat300-3.clq.ywp.stacksteal.n1.t32.r1.log
PAR,p_hat300-3.clq,stacksteal,2,32,62,5,10000000,1,120m,2615,945,264,0,/cluster/YewParVCTest/results_vc_full/logs/p_hat300-3.clq.ywp.stacksteal.n2.t32.r1.log
PAR,p_hat300-3.clq,stacksteal,4,32,124,5,10000000,1,120m,2418,791,264,0,/cluster/YewParVCTest/results_vc_full/logs/p_hat300-3.clq.ywp.stacksteal.n4.t32.r1.log
PAR,p_hat300-3.clq,stacksteal,8,32,248,5,10000000,1,120m,2217,531,264,0,/cluster/YewParVCTest/results_vc_full/logs/p_hat300-3.clq.ywp.stacksteal.n8.t32.r1.log
PAR,p_hat500-1.clq,depthbounded,1,32,31,5,10000000,1,120m,1380,831,491,0,/cluster/YewParVCTest/results_vc_full/logs/p_hat500-1.clq.ywp.depthbounded.n1.t32.r1.log
PAR,p_hat500-1.clq,depthbounded,2,32,62,5,10000000,1,120m,1885,918,491,0,/cluster/YewParVCTest/results_vc_full/logs/p_hat500-1.clq.ywp.depthbounded.n2.t32.r1.log
PAR,p_hat500-1.clq,depthbounded,4,32,124,5,10000000,1,120m,1894,913,491,0,/cluster/YewParVCTest/results_vc_full/logs/p_hat500-1.clq.ywp.depthbounded.n4.t32.r1.log
PAR,p_hat500-1.clq,depthbounded,8,32,248,5,10000000,1,120m,1963,933,491,0,/cluster/YewParVCTest/results_vc_full/logs/p_hat500-1.clq.ywp.depthbounded.n8.t32.r1.log
PAR,p_hat500-1.clq,budget,1,32,31,5,10000000,1,120m,1362,824,491,0,/cluster/YewParVCTest/results_vc_full/logs/p_hat500-1.clq.ywp.budget.n1.t32.r1.log
PAR,p_hat500-1.clq,budget,2,32,62,5,10000000,1,120m,1833,878,491,0,/cluster/YewParVCTest/results_vc_full/logs/p_hat500-1.clq.ywp.budget.n2.t32.r1.log
PAR,p_hat500-1.clq,budget,4,32,124,5,10000000,1,120m,1860,884,491,0,/cluster/YewParVCTest/results_vc_full/logs/p_hat500-1.clq.ywp.budget.n4.t32.r1.log
PAR,p_hat500-1.clq,budget,8,32,248,5,10000000,1,120m,1904,899,491,0,/cluster/YewParVCTest/results_vc_full/logs/p_hat500-1.clq.ywp.budget.n8.t32.r1.log
PAR,p_hat500-1.clq,stacksteal,1,32,31,5,10000000,1,120m,672,106,491,0,/cluster/YewParVCTest/results_vc_full/logs/p_hat500-1.clq.ywp.stacksteal.n1.t32.r1.log
PAR,p_hat500-1.clq,stacksteal,2,32,62,5,10000000,1,120m,1082,117,491,0,/cluster/YewParVCTest/results_vc_full/logs/p_hat500-1.clq.ywp.stacksteal.n2.t32.r1.log
PAR,p_hat500-1.clq,stacksteal,4,32,124,5,10000000,1,120m,1121,142,491,0,/cluster/YewParVCTest/results_vc_full/logs/p_hat500-1.clq.ywp.stacksteal.n4.t32.r1.log
PAR,p_hat500-1.clq,stacksteal,8,32,248,5,10000000,1,120m,1146,143,491,0,/cluster/YewParVCTest/results_vc_full/logs/p_hat500-1.clq.ywp.stacksteal.n8.t32.r1.log
PAR,p_hat500-2.clq,depthbounded,1,32,31,5,10000000,1,120m,10906,10334,464,0,/cluster/YewParVCTest/results_vc_full/logs/p_hat500-2.clq.ywp.depthbounded.n1.t32.r1.log
PAR,p_hat500-2.clq,depthbounded,2,32,62,5,10000000,1,120m,11584,10426,464,0,/cluster/YewParVCTest/results_vc_full/logs/p_hat500-2.clq.ywp.depthbounded.n2.t32.r1.log
PAR,p_hat500-2.clq,depthbounded,4,32,124,5,10000000,1,120m,11594,10425,464,0,/cluster/YewParVCTest/results_vc_full/logs/p_hat500-2.clq.ywp.depthbounded.n4.t32.r1.log
PAR,p_hat500-2.clq,depthbounded,8,32,248,5,10000000,1,120m,11656,10436,464,0,/cluster/YewParVCTest/results_vc_full/logs/p_hat500-2.clq.ywp.depthbounded.n8.t32.r1.log
PAR,p_hat500-2.clq,budget,1,32,31,5,10000000,1,120m,11425,10825,464,0,/cluster/YewParVCTest/results_vc_full/logs/p_hat500-2.clq.ywp.budget.n1.t32.r1.log
PAR,p_hat500-2.clq,budget,2,32,62,5,10000000,1,120m,12491,10885,464,0,/cluster/YewParVCTest/results_vc_full/logs/p_hat500-2.clq.ywp.budget.n2.t32.r1.log
PAR,p_hat500-2.clq,budget,4,32,124,5,10000000,1,120m,12526,10915,464,0,/cluster/YewParVCTest/results_vc_full/logs/p_hat500-2.clq.ywp.budget.n4.t32.r1.log
PAR,p_hat500-2.clq,budget,8,32,248,5,10000000,1,120m,12588,10931,464,0,/cluster/YewParVCTest/results_vc_full/logs/p_hat500-2.clq.ywp.budget.n8.t32.r1.log
PAR,p_hat500-2.clq,stacksteal,1,32,31,5,10000000,1,120m,1118,493,464,0,/cluster/YewParVCTest/results_vc_full/logs/p_hat500-2.clq.ywp.stacksteal.n1.t32.r1.log
PAR,p_hat500-2.clq,stacksteal,2,32,62,5,10000000,1,120m,1877,838,464,0,/cluster/YewParVCTest/results_vc_full/logs/p_hat500-2.clq.ywp.stacksteal.n2.t32.r1.log
PAR,p_hat500-2.clq,stacksteal,4,32,124,5,10000000,1,120m,1604,563,464,0,/cluster/YewParVCTest/results_vc_full/logs/p_hat500-2.clq.ywp.stacksteal.n4.t32.r1.log
PAR,p_hat500-2.clq,stacksteal,8,32,248,5,10000000,1,120m,1470,404,464,0,/cluster/YewParVCTest/results_vc_full/logs/p_hat500-2.clq.ywp.stacksteal.n8.t32.r1.log
PAR,p_hat500-3.clq,depthbounded,1,32,31,5,10000000,1,120m,4076574,4075908,450,0,/cluster/YewParVCTest/results_vc_full/logs/p_hat500-3.clq.ywp.depthbounded.n1.t32.r1.log
PAR,p_hat500-3.clq,depthbounded,2,32,62,5,10000000,1,120m,4069851,4068071,450,0,/cluster/YewParVCTest/results_vc_full/logs/p_hat500-3.clq.ywp.depthbounded.n2.t32.r1.log
PAR,p_hat500-3.clq,depthbounded,4,32,124,5,10000000,1,120m,4077456,4075673,450,0,/cluster/YewParVCTest/results_vc_full/logs/p_hat500-3.clq.ywp.depthbounded.n4.t32.r1.log
PAR,p_hat500-3.clq,depthbounded,8,32,248,5,10000000,1,120m,4071989,4070178,450,0,/cluster/YewParVCTest/results_vc_full/logs/p_hat500-3.clq.ywp.depthbounded.n8.t32.r1.log
PAR,p_hat500-3.clq,budget,1,32,31,5,10000000,1,120m,246305,245624,450,0,/cluster/YewParVCTest/results_vc_full/logs/p_hat500-3.clq.ywp.budget.n1.t32.r1.log
PAR,p_hat500-3.clq,budget,2,32,62,5,10000000,1,120m,201086,199357,450,0,/cluster/YewParVCTest/results_vc_full/logs/p_hat500-3.clq.ywp.budget.n2.t32.r1.log
PAR,p_hat500-3.clq,budget,4,32,124,5,10000000,1,120m,164373,162611,450,0,/cluster/YewParVCTest/results_vc_full/logs/p_hat500-3.clq.ywp.budget.n4.t32.r1.log
PAR,p_hat500-3.clq,budget,8,32,248,5,10000000,1,120m,148290,146475,450,0,/cluster/YewParVCTest/results_vc_full/logs/p_hat500-3.clq.ywp.budget.n8.t32.r1.log
PAR,p_hat500-3.clq,stacksteal,1,32,31,5,10000000,1,120m,151413,150749,450,0,/cluster/YewParVCTest/results_vc_full/logs/p_hat500-3.clq.ywp.stacksteal.n1.t32.r1.log
PAR,p_hat500-3.clq,stacksteal,2,32,62,5,10000000,1,120m,131212,127431,450,139,/cluster/YewParVCTest/results_vc_full/logs/p_hat500-3.clq.ywp.stacksteal.n2.t32.r1.log
PAR,p_hat500-3.clq,stacksteal,4,32,124,5,10000000,1,120m,7202081,,,124,/cluster/YewParVCTest/results_vc_full/logs/p_hat500-3.clq.ywp.stacksteal.n4.t32.r1.log
PAR,p_hat500-3.clq,stacksteal,8,32,248,5,10000000,1,120m,37001,32067,450,139,/cluster/YewParVCTest/results_vc_full/logs/p_hat500-3.clq.ywp.stacksteal.n8.t32.r1.log
PAR,p_hat700-1.clq,depthbounded,1,32,31,5,10000000,1,120m,3465,2834,689,0,/cluster/YewParVCTest/results_vc_full/logs/p_hat700-1.clq.ywp.depthbounded.n1.t32.r1.log
PAR,p_hat700-1.clq,depthbounded,2,32,62,5,10000000,1,120m,3950,2920,689,0,/cluster/YewParVCTest/results_vc_full/logs/p_hat700-1.clq.ywp.depthbounded.n2.t32.r1.log
PAR,p_hat700-1.clq,depthbounded,4,32,124,5,10000000,1,120m,3936,2919,689,0,/cluster/YewParVCTest/results_vc_full/logs/p_hat700-1.clq.ywp.depthbounded.n4.t32.r1.log
PAR,p_hat700-1.clq,depthbounded,8,32,248,5,10000000,1,120m,4129,2930,689,0,/cluster/YewParVCTest/results_vc_full/logs/p_hat700-1.clq.ywp.depthbounded.n8.t32.r1.log
PAR,p_hat700-1.clq,budget,1,32,31,5,10000000,1,120m,3928,3324,689,0,/cluster/YewParVCTest/results_vc_full/logs/p_hat700-1.clq.ywp.budget.n1.t32.r1.log
PAR,p_hat700-1.clq,budget,2,32,62,5,10000000,1,120m,3877,2880,689,0,/cluster/YewParVCTest/results_vc_full/logs/p_hat700-1.clq.ywp.budget.n2.t32.r1.log
PAR,p_hat700-1.clq,budget,4,32,124,5,10000000,1,120m,3930,2893,689,0,/cluster/YewParVCTest/results_vc_full/logs/p_hat700-1.clq.ywp.budget.n4.t32.r1.log
PAR,p_hat700-1.clq,budget,8,32,248,5,10000000,1,120m,4595,2921,689,0,/cluster/YewParVCTest/results_vc_full/logs/p_hat700-1.clq.ywp.budget.n8.t32.r1.log
PAR,p_hat700-1.clq,stacksteal,1,32,31,5,10000000,1,120m,876,257,689,0,/cluster/YewParVCTest/results_vc_full/logs/p_hat700-1.clq.ywp.stacksteal.n1.t32.r1.log
PAR,p_hat700-1.clq,stacksteal,2,32,62,5,10000000,1,120m,1324,305,689,0,/cluster/YewParVCTest/results_vc_full/logs/p_hat700-1.clq.ywp.stacksteal.n2.t32.r1.log
PAR,p_hat700-1.clq,stacksteal,4,32,124,5,10000000,1,120m,1347,319,689,0,/cluster/YewParVCTest/results_vc_full/logs/p_hat700-1.clq.ywp.stacksteal.n4.t32.r1.log
PAR,p_hat700-1.clq,stacksteal,8,32,248,5,10000000,1,120m,1431,359,689,0,/cluster/YewParVCTest/results_vc_full/logs/p_hat700-1.clq.ywp.stacksteal.n8.t32.r1.log
PAR,p_hat700-2.clq,depthbounded,1,32,31,5,10000000,1,120m,109032,108350,656,0,/cluster/YewParVCTest/results_vc_full/logs/p_hat700-2.clq.ywp.depthbounded.n1.t32.r1.log
PAR,p_hat700-2.clq,depthbounded,2,32,62,5,10000000,1,120m,110209,108494,656,0,/cluster/YewParVCTest/results_vc_full/logs/p_hat700-2.clq.ywp.depthbounded.n2.t32.r1.log
PAR,p_hat700-2.clq,depthbounded,4,32,124,5,10000000,1,120m,110273,108553,656,0,/cluster/YewParVCTest/results_vc_full/logs/p_hat700-2.clq.ywp.depthbounded.n4.t32.r1.log
PAR,p_hat700-2.clq,depthbounded,8,32,248,5,10000000,1,120m,110261,108500,656,0,/cluster/YewParVCTest/results_vc_full/logs/p_hat700-2.clq.ywp.depthbounded.n8.t32.r1.log
PAR,p_hat700-2.clq,budget,1,32,31,5,10000000,1,120m,111544,110837,656,0,/cluster/YewParVCTest/results_vc_full/logs/p_hat700-2.clq.ywp.budget.n1.t32.r1.log
PAR,p_hat700-2.clq,budget,2,32,62,5,10000000,1,120m,113113,111443,656,0,/cluster/YewParVCTest/results_vc_full/logs/p_hat700-2.clq.ywp.budget.n2.t32.r1.log
PAR,p_hat700-2.clq,budget,4,32,124,5,10000000,1,120m,112704,110976,656,0,/cluster/YewParVCTest/results_vc_full/logs/p_hat700-2.clq.ywp.budget.n4.t32.r1.log
PAR,p_hat700-2.clq,budget,8,32,248,5,10000000,1,120m,113319,111524,656,0,/cluster/YewParVCTest/results_vc_full/logs/p_hat700-2.clq.ywp.budget.n8.t32.r1.log
PAR,p_hat700-2.clq,stacksteal,1,32,31,5,10000000,1,120m,5204,4467,656,0,/cluster/YewParVCTest/results_vc_full/logs/p_hat700-2.clq.ywp.stacksteal.n1.t32.r1.log
PAR,p_hat700-2.clq,stacksteal,2,32,62,5,10000000,1,120m,5572,4000,656,0,/cluster/YewParVCTest/results_vc_full/logs/p_hat700-2.clq.ywp.stacksteal.n2.t32.r1.log
PAR,p_hat700-2.clq,stacksteal,4,32,124,5,10000000,1,120m,5619,3890,656,0,/cluster/YewParVCTest/results_vc_full/logs/p_hat700-2.clq.ywp.stacksteal.n4.t32.r1.log
PAR,p_hat700-2.clq,stacksteal,8,32,248,5,10000000,1,120m,4015,2261,656,0,/cluster/YewParVCTest/results_vc_full/logs/p_hat700-2.clq.ywp.stacksteal.n8.t32.r1.log